hierid,v4_pop_2020,v4_gdp_2020,cache_max_pct
VNM.4.41.Rf3170862acfaa349,5131130.301578208,27550273941.024303,0.965439510539478
NZL.R5a1c2dedd14afe54,2718446.9482164984,71024413632.3719,0.21412584073009175
SWE.15,2495462.502855676,127892401784.86096,0.8058685936215713
FIN.5.R772c7e0d53c95391,2443191.6320945076,68079276350.37591,0.4256403175276082
CAN.11.R4f9df3ecb2af0605,2178022.8139722073,56579198625.98045,4.1829430797376075
PAN.11,2157352.955648304,36570042083.936134,0.0569219299557671
ESP.1.8,2153223.460523544,43162296314.249985,0.9944343983074678
ALB.R78655fa8b5193657,1954206.1699342232,12908668050.531502,0.07275648872481472
URY.R1ab758674653eea9,1843536.3865787296,18767521551.295403,11.962074360956333
ESP.10.35,1792367.1433537246,37169913388.72493,1.1174305430203233
SWE.21,1779986.3450497447,63447604123.191086,0.08281657398459381
ESP.10.37.R20a753fa2a8c3ea2,1743390.244889175,41718245319.55316,0.10425002638107062
FIN.4.R53dd9b05bb65f044,1738990.4800975102,69405224110.82024,3.901311538610361
UKR.4.R8248fcb59da0b28d,1689561.2978355957,8621537694.45326,24.190253035664234
NOR.R33edcc93bdb447ab,1673467.4292936,69364262194.91974,0.06412668627656593
UKR.6.R91f3f47b158993ec,1625765.3935771992,10962963030.208546,0.11671387098497227
ESP.R92c6a9d7b84ad6b1,1538354.2534526654,34878629693.45697,0.018912536809693927
BRA.5.Rb671b33c73433560,1532324.464639741,6927323933.862108,0.49057985593377285
ESP.1.R5a4da6f4124e2617,1488164.1554409843,28938786040.230618,0.5851107022972043
ESP.1.R93e066a4394620ad,1462035.0179114004,27837472931.59775,0.25119657602320317
PHL.51.Rd39534cf4dda44f6,1418433.6588173455,3934819544.3785825,0.338198890319562
NLD.R6f308c1a396228c9,1414860.336179294,39193333088.84307,0.08615991407076184
BRA.10.R72cb2a13a1334024,1382423.2624675662,4842562826.731041,0.842477911406662
UKR.27.R3dabfbf7bd3008ae,1361172.4158161555,7634750377.954507,24.48361293422018
THA.11,1336837.6580497017,32402249260.20813,0.5430766122527276
PHL.27,1329370.1108760866,6922064773.4106865,8.577095370995675
SWE.13,1328038.8498845294,41653249472.42077,0.020874653699009083
JPN.12.Re77fb48f7dbf5221,1295764.7151903247,29534006294.83869,20.874151301700767
UKR.21.Re095b97fec052bff,1247530.3249311587,8154259715.177476,31.627624824626576
CAN.9.Re3b801d78a09c2bd,1246034.7824892178,32831994006.199963,0.1276188969859932
ESP.6.R87a9dd8cd07a0f37,1244303.0733218258,38027267350.67057,0.22120073189833941
HRV.Ref2b5c3cd6ab1e55,1190990.561662566,14319794419.354383,2.1724564114690716
ESP.16.Rb8f2287422518b01,1176339.4809237055,39819588040.03088,10.05254451321791
ESP.2.11,1167134.6265730893,31937009725.06672,0.5016083264695883
FIN.Rea3e6404ea7826ef,1166028.7489105584,29199835356.185055,5.330934291058673
DNK.R9b033bd4ce9e41ca,1155282.7098847642,38337375600.80113,0.44894030453133316
BRA.14.R54921052de25db57,1146285.190392974,5316900779.745955,0.003920672960771293
KHM.R385c640b1d8c737e,1119234.7976859924,2178354589.095916,0.7361771279527729
MAR.15.Rbe56f2b3ea94d9ac,1105069.8463885696,2318830454.9342937,0.7165161102680705
FRA.53.35,1093263.347567344,31829351299.031113,0.5777036234260375
UKR.8.R4c2a31e87f7a602f,1066323.2339902269,5217434496.194924,0.11091943028180465
MEX.31.R55093d70b4d963ad,1035896.2970476472,7267260554.28075,0.022466460289145725
CHE.6,1032794.68761469,44293805524.85105,0.026016428061832308
LTU.R12c4905f0ead6b63,1008354.3974596588,12418631023.364763,0.07034008589729857
PRK.5.R02557b45309854b8,978336.9552190874,980016113.7432792,6.872880400609302
LVA.Rb5a9754f68d62c40,965686.4462167168,9396749267.152212,0.19693855280271547
JPN.14.R78628906f36f7adc,954403.2687723582,28653504984.545216,0.0021557159058897277
BRA.9.975.R6e53f867232dd0ad,951099.1982381078,11290630354.802374,5.122701936635059
JPN.17,927825.8615838896,25708478474.7014,9.56021500025953
DEU.8.19.Rf083fffca5e77af0,917035.95448707,20671401715.964527,18.161085731175223
EST.Rbeedc5abaf53c632,915312.6553683408,19484845682.085495,0.13624825735625065
FJI.R13886963f95ae1bc,914951.0384900778,6521568858.207764,29.66516843383353
GBR.4.Rebfe035eb02f83f7,903213.2304638198,19859331579.40367,0.005453843909756385
THA.46,900339.8557812367,19834001606.01865,1.4102073527219545
SVN.R108fc4e5ea6e332d,886160.8639685262,16793325336.069534,2.7779705770808305
HTI.R7e0567d57faef6b0,883422.9073545698,1421520311.3637216,0.21326153964681577
BRA.20.R86e3f2c847aab7c7,873351.6483544626,5168795603.157416,0.5606242036617152
HRV.R9c95df88d0bf3c0c,860565.7391104565,12373171984.649096,52.78047730894261
NPL.2.5.27,859261.3940198598,959496917.3048036,1.348299558449139
MOZ.10.Re062f2ce7660122c,858081.4559249145,314626168.43080574,0.00674890316796868
UKR.15.R9984c3225628006b,851667.3069775053,3444029164.0490236,0.06980484917467196
AUT.3.Rdc3ccf424276479c,847061.1521723534,33726076161.038555,2.646305296668635
ESP.12.43,844995.4066747584,17850985569.9147,1.7315605572498622
AZE.R002a7b1930f04fcc,840123.0099965254,1481753387.2461348,66.80090079142931
ESP.4.17,839592.4614318821,17021148507.751236,0.31358579596565056
MDA.Ra24ceb52bdd2a6c3,830155.9611263161,3010148489.6118984,0.750888209656949
GBR.1.Rce9446679998e5dc,814053.8131944032,20443709677.964012,0.2992761187374641
NPL.4.11.56,813775.6661547374,869715614.424074,0.30494831422012336
DNK.R5a730212011e0b7a,805753.549756217,21414000852.797684,1.390649387085404
KOR.9.R9a93d574080a3f8a,799376.4613588406,27074179981.465813,2.9590464499804705
GTM.6,798512.2261390272,4604165033.937699,0.007143843894915069
CAN.4,792290.8598453327,21468365023.4634,0.03187070495543669
DNK.1.R21cfa5c5dbd70f58,768811.6906362075,24698918864.476982,1.7271452569685066
FRA.53.29,765296.7389332878,18606781708.0216,0.15193379649111113
UKR.15.R57b93f92a7aaad0f,763520.0039139806,3419595436.6578655,0.06908708220275382
ESP.14.45.330,759358.1977780425,17591135431.562088,128.76925230827055
PRK.3.R082a6e957b98af8b,751726.5998752111,686630147.6929398,0.06440199040851081
CAN.11.195.Rbbbe91a8da7da4d1,744730.18870117,27664519364.2969,14.228604347969148
JPN.21.R54548566b327a528,733298.6760270975,16979236815.57912,0.2262841507217313
NOR.1,723945.8219490016,30855546259.061146,1.057158610573635
ESP.9.34,715904.1264973016,22504150153.823135,0.5871468196886237
ESP.11.38,712981.0431382611,12263929773.408804,0.2998670630863356
SVK.8,704630.9232062779,11225690324.654858,0.6200647342330942
FRA.24.45,704044.0372347475,20824997126.405075,0.5982984078050528
DEU.11.30.R6efc4bb6e0f88ef6,694663.5010274928,21609071720.82727,0.028662748021712574
PHL.82,688663.6466033835,1367339176.0275948,4.268728729411143
YEM.3.R77d603fd482ccb17,681391.9328623228,663632239.7379591,3.4106475895725947
VNM.4.37.R6020fb5f967a2589,678695.3635174463,6601461872.07788,0.9385602471763602
PHL.54,674885.3052333138,1106384705.5023618,0.028333035051229936
MEX.30.R3443a2883afd1e6f,646671.2445059333,4214432606.944822,3.8109257458846737
ITA.10.47,639736.946598337,19883000911.90103,0.7995737779405281
JAM.Rb995ca3f7595175f,633727.3551283043,2599757644.9388347,0.023115124366502548
VEN.11.R93a18ea33545c6bc,621448.3817892344,4202890240.605277,0.13429121062079213
KEN.8.48,616331.1457503422,879073108.2068084,20.277922286699404
PHL.29,605337.441534939,1271176810.0142608,0.08908625356261789
PHL.15.R322cdd57d43d05d0,601896.9040559604,1663570905.509554,0.7881402642439765
JPN.31.R66072263b35816ca,592092.3595834253,15008515194.340405,1.0713444782705834
ITA.2.8,583501.5927392937,10377042106.501747,0.14255908831695552
ESP.5.25,568207.5463877856,14698629587.15499,0.7511580500045258
DEU.2.10.Re83c19217082ae1b,566212.1379340835,17144342463.400648,0.62000334596639
ITA.7.35,564594.6210888991,17724769865.65998,0.03542041635936759
ESP.4.14,563477.833636238,11608386672.24466,0.08386894924252279
PHL.76,550960.4575284778,1040188093.2095371,2.909783101933663
ITA.17.99,541187.849871946,23050107216.25112,1.5062743757162096
ETH.3.15.R866a328b87328838,538220.6614085281,419161329.8973463,4.319138686610683
THA.71,533789.9800430126,2986774701.330028,1.3488921596353514
JPN.16.R0ad1abf7addd6a3b,526273.1085700237,10597722666.196917,0.07573996401664594
YEM.5.Rcd8b7a1fea4d7099,526064.7381695239,650247882.3534722,1.419011893527576
IRL.R759fd37d529d2e57,526053.1867655732,11028937217.57409,0.17420984314433818
DNK.5,519016.3418972753,14522515089.598787,0.7769527871655193
NIC.1,510588.2528759931,1146553858.8480144,0.017893956048274384
BRA.5.R7fa2554ede6e6aa8,498993.12011259823,2168876743.4044237,0.05012139791689883
JPN.12.R7bf7e7dea4268ee6,490716.04611293453,12951206574.698822,0.07987261056867212
THA.29.R84152836d9652485,479077.6354503952,3305888565.636415,2.344136688771592
CAN.5,475272.9101488811,15339246658.737844,1758.4825038993638
CAN.9.128.R2f84ee98f3230e4a,470746.93652018154,12078631091.370672,0.8223288668306477
ESP.4.13,468884.4684652996,9227729289.77752,0.010431805933886368
JPN.44.R7513c0b85caa5be8,465698.00204440224,10225167793.616943,0.7110699297921573
FRA.25.50,462831.1299140248,10361856997.537474,0.01931963133461439
MAR.11.37.R27357dc08114771d,456457.3246824642,2789404442.951104,1.5115264635423444
MEX.28.R67015e0b23cc51ca,455027.6693531449,4445324762.776477,0.002253277668241481
ITA.5.18,448047.5469510952,8334090419.732453,0.7195006744707253
HTI.5,437409.8164951875,739312188.5758026,0.037042507546640256
CAN.2.Rf350b540d74ba255,432924.9829387159,9496827958.05807,3.733092838228484
ITA.6.25,431229.4578982355,13584045755.946592,0.37443841392431704
TZA.26.135,430791.2558708015,671825536.4334278,0.40624177835354525
PRT.7,430664.0671848171,8142172976.6467905,0.1752968910998811
THA.74.R09b45d8c8230dc62,406770.4547407135,845520190.8142438,2.1042990208087
JPN.24.R7b409a41a2a916fe,404097.73577088816,10907049594.246267,1.1510237395155674
ESP.11.39,397268.1074975944,6932291429.871459,0.3744445663801625
JPN.20.Rfb18aa77abe55ce4,396001.1429769489,7230388003.701472,0.2962635683038401
PRT.9,394086.8810444611,9452328277.903154,0.926149814458301
SLE.3.12,393461.71588618174,317306850.4219174,1.5831830552192474
NLD.8.R857b780336bd359b,387221.4189885833,14858109327.261553,33.71791665732636
FRA.91.11,383071.5762868617,7697045188.289038,2.0238657211347935
PHL.66.Rbeeff4d13d87d0d4,376549.84985831095,778402664.2519224,3.683528293550192
ITA.3.12,371304.8164227781,8236952936.632603,0.997008564104958
GRC.7,367916.232439127,5913006325.587131,0.45426105469961997
PHL.61.Re29e1c93f5bed6ba,357056.5479196998,622006527.1618474,8.274705046159388
SWE.7,356255.5992297049,10621255188.853403,0.5041449498986643
NIC.2,355728.1098427824,793820064.8734968,0.6415125074616974
VEN.17.R34cab84698dc1a5b,353346.5405204415,3676414303.691275,0.01775108174483348
ESP.6.27.Reb525b15d44ddbfd,351594.97450558655,10666443346.105412,0.04955122090996863
RUS.83.R03f0996d26b08fb1,344577.2898365391,2564650139.868823,5.992415117263126
CAN.2.32.R54106f31e3a8aafc,330685.51083282725,8794005717.835438,0.7001458176912662
DJI.Rc2d7c3e205966fbb,323889.6191544246,597141223.9293836,0.5633841723535171
NOR.2.R59ed0725636f1b31,318150.2290917335,10296008505.600525,0.08549585539176272
CUB.2.Ref88dd17bcf47b5f,315550.2987911734,984997886.286113,0.11423987107386671
MDG.2.5.22,313203.2549122227,213444268.25925413,0.46759269799699804
CHL.5.15.R56cf4f776215aceb,305710.6086657793,3356360729.41372,28.092802918283592
ITA.6.31,304948.3048023684,8859473574.272978,5.0145764922902964
VNM.5.44.R61fd9f984a832967,303812.2685735268,364342991.0666262,0.012763340830336674
UGA.5,301981.27247870073,266782547.45803583,0.0044929633808905075
SWE.17,297998.07729093917,7977806987.52322,0.02347721862448969
SWE.14,296399.17127637257,7516662521.96886,0.2132508348311129
SWE.18,265276.86216622987,7512128526.922192,0.2149743500329105
MDG.6.21.101,260177.42704267855,181494805.04716143,3.060386136386108
CAN.1.R2ed81e6ef22f1e54,250755.3444421627,8179232863.589704,0.0290415926110532
NPL.5.13.64,250100.2254610817,380199838.8983271,0.007220364832213592
TZA.18.97,249470.21852882352,186033384.36306015,0.003958392567407273
ESP.4.16,248904.5951056407,5580362102.074137,0.13611782212384868
ISL.3.R5d10609bb3951034,238779.60390509112,9203087183.548716,0.004756515935761669
FRA.73.65,238015.01964366625,5316566011.400443,0.04730428556750683
JPN.15.R9f4635092f5d500f,235723.82793274047,5640441022.972902,7.3917291549058195
NAM.R66f9fd3b7fc3fab3,235246.04417823648,1142313703.4921951,0.10501167304047566
SUR.R4073fec72e15716c,227547.08526134933,1451832310.4486723,4.716673112662831
ESP.4.15,224337.53563983,4618118056.86763,0.22660278447052754
SWE.9,210889.40307783335,6449845200.429334,0.008251922414273399
MDG.5.17.80,208766.58553241423,147195499.9661141,3.308777200612958
NOR.Re57b2dc0327882b4,203011.1542425692,7405367205.195666,62.46735873011882
SWE.10,202458.3754067445,6488123149.6591,0.07032611208650436
SWE.8,200732.08170645605,5457166868.463137,0.2824395319511588
MDG.5.17.79,197650.75383927155,139676909.87852737,3.3176394066134076
GIN.5.18.R430496b1495e569a,195347.71100283728,303793882.9210497,1.2797488222693645
MDG.6.22.110,189704.5463506887,119380203.36547272,0.024133065491066644
ITA.15.83,184135.00436397357,2945110690.936336,0.032491025070947345
MDG.4.14.64,179953.36821696715,143399054.0776647,0.020865293953089212
GUF.1,177635.58215044712,2810366104.5115595,0.05108123010728182
JPN.23.R715d9f62dcf1bdb4,177555.15932276024,5322708217.633712,8.369945463869938
NOR.18,169024.9831348478,6711411441.661783,0.0883201848114775
ITA.11.58,159192.56734625142,4194947118.744118,14.47332073872041
ESP.5.21,158458.76067143687,3978690355.97116,0.5296192837671475
PRT.10,157360.0162838067,1948126522.4882295,0.2692247644187106
UZB.5.Rf47a99df41a4aaf3,145317.37545611634,398123938.48133767,0.08127681071284616
LTU.1.R8778a443391c5b94,139202.8461202108,1589519698.7435749,0.1531241447543978
CAN.2.37.Raf79e6888180279b,119370.04058860146,2902822978.3238606,3.700921682775013
CAN.10,116728.449199707,2849087504.4728904,0.5856487690325782
EST.Rbb9dc727e9abfff8,114991.47567430994,1268401797.3557043,0.03688853001584655
PRT.13,114272.04396211288,2231918921.803446,1.512797261998548
ITA.9.42,112984.72151006723,2871545978.226962,3.4247998650059266
ESP.12.40.306.Rab4f93dcde928904,107206.63253160878,2391735134.6974864,1.246030959042971
MEX.16.R5cb192ba265e337e,104603.1009002628,586361558.0133462,0.40827635503823156
ISL.R8797959ca4080a3e,104585.68903808424,3360404075.9091177,3.005199265510042
TZA.6.30,98272.05973897986,90063260.273024,3.781635980155698
MDG.4.14.62,97180.6560447803,77193809.43244952,0.011535817824451336
CAN.2.29.R2210cff5640c5348,81160.47124621415,2017374617.6166189,32.848206743286994
PRI.R399aec0c37a35708,69040.41542379072,1728801576.077206,0.0019079972974519687
VEN.2.R4f6fb153b26638dc,68008.10482473641,559913862.8959973,15.559667906395958
CAN.2.30.Rc20f39cf2a328c4b,66220.78745433112,1372945708.5398664,2.213479974371079
PAN.5,62432.06632652106,252755575.14225635,0.8181121697021504
THA.50.619.Rbf7b5e111786a6b0,58405.706143132185,476694815.9522133,1.1209231259626247
KAZ.10.R82ed68bda7b7b830,57239.350746792006,555348181.140764,0.07394170473816879
RUS.21.R8bbb0f250abdd4fc,51207.1265195711,507045979.9075426,0.0012197209217940915
ITA.14.76,50767.14087983593,1052876249.6012756,9.637033534916315
CAN.11.179.Ra628164061ec9d3b,41814.21232656353,766119696.2670062,7.307970664995671
CAN.2.38.R6e33085594a3166d,35755.465370985534,723235644.9702197,49.07848700419357
RUS.29.R3bb5b121eee2c32d,33527.316913671915,244799425.7064705,8.085875936357487
BRA.16.Rf80ad12f6cb92bef,30066.43884718161,288217149.9721357,45.460298108353655
ESP.6.27.198.R95588b91765f9287,27620.037915578338,837841229.425496,0.1240583621122001
CAN.2.38.R9d7f17b2eae5b346,26053.85789498958,526813168.5116986,3.1417686026033715
CAN.7.99.Rf2cb9622ac852758,24815.76931139428,611244232.7914237,2.039331647011813
THA.51.623.R097c86761240968d,22762.349546754493,107347112.9669948,0.08344051783924393
NZL.5.23.R0a17d69435a77f0a,21976.007963773725,404761433.85806465,0.0047823007799834534
CAN.3.48.R05e54cd9ccb1c0cc,20492.492635324623,421591778.5214522,0.7587143776542454
NOR.3.R3ec536053de5501d,16763.730432086464,414173295.025182,0.38558942830174664
CAN.9.124.Rcc4f288a8c29fe23,14819.94344206435,421097337.666864,0.0015495796242981227
FRO.Rd0d19e626ecb55b4,14240.291015625,372707754.2499414,155.84052700702588
CAN.3.69.Rd5516b0a1feb5f83,13878.099716029154,296361535.7261278,1.5111702859774985
NOR.15.R62b59184362ea41b,13633.705983710746,390639483.6743375,2.5986799307233284
RUS.14.401.401,12892.443256448834,577412254.9886956,66.42150874539927
AGO.1.1,12323.732065517928,35247533.47834323,0.332673325468361
ISL.1.R6254c869d03486f3,11249.325282905862,373354102.7515572,1.5645453523938515
CAN.3.67.Rdd95639d9231acdf,11109.18847475593,246666368.83525676,7.250468237184242
ISL.8.R2cc87db221f6ed0a,9715.381773918749,316093875.96739703,0.11034357472476256
NPL.0.8.61,9523.092994668466,14409401.66328784,1.820331970668872
CAN.11.254.R43e2f675c10fcdb3,5023.182154033268,128680655.150054,35.25324146487881
IND.21.317.1257,758.6645435624462,6895494.652036193,0.0013369364675725952
CAN.2.28.R2e6f2e9a6f350421,180.4976456298653,4015973.128876114,1510.4158487845048
RUS.38.854.854,91.59503491811336,358853.2220067458,0.001429012550151121
RUS.52.1269.1386,70.32408394250325,595171.8556057664,0.0016676775454159457
RUS.88.2438.2555,52.89016891335535,498859.04598092346,0.0038962606979021106
IND.21.330.1372,42.18501117655646,185738.15470479548,0.0018890726099587995
NZL.5.23.162,38.21461633074999,703911.9473490525,0.001063951011440814
IND.2.17.138,28.19511464701032,76605.12753896395,0.0019205481722917575
BRA.25.4885.9275,10.64117911375808,116520.93970896056,0.0015712367662222726
CAN.7.106.2289,6.919260427371322,226767.86317158755,0.0023206757491091626
CAN.3.62.1439,6.634486792469124,207031.02753861804,0.0021726151657867963
IND.2.17.143,5.234711203782791,23365.412252313872,0.001342311505461988
NZL.5.23.163,4.368366498142275,80465.16302356042,0.0016589621636174418
CAN.2.32.813,2.421974796422999,64371.6534731088,0.0013601225952893652
RUS.52.1276.1393,1.5859345835575558,15614.546667357086,0.0010182673360053301
CAN.3.62.1453,1.2324227162730574,38458.098642430734,0.0021178710805275164
IND.21.330.1369,1.2050742593727344,5305.872206403031,0.01749408915277955
RUS.30.708.708,1.1684998124788264,10176.531065834077,0.001073599003744996
IND.33.539.2145.Rf40ab8ad8eca68a7,1.1142048806556883,1747.83078127541,0.012753628928454237
CAN.2.36.991,1.0189723438720597,22783.58008527386,0.002810590764043508
IND.12.132.464,0.6929902921354455,2254.5626691543,0.001737202360531798
IND.21.330.1370,0.3543217784362335,1560.0582607259732,0.0226664493576795
CAN.2.36.975,0.2074692278217461,4638.881053642863,0.003472299610834325
RUS.43.1057.1057,0.1976556127066806,2207.9166551556204,0.0012288699347925444
RUS.3.17.17,0.1782184470612651,888.8229546687456,0.007938325173024419
BRA.8.823.1961,0.0001920113570941621,0.0,0.005254344609223031
